protein,organism,ref,abbrv,chains,Ala,Cys,Asp,Glu,Phe,Gly,His,Ile,Lys,Leu,Met,Asn,Pro,Gln,Arg,Ser,Thr,Val,Trp,Tyr
O08452,PYRFU,BBA+03,O08452,1,28,5,33,23,20,45,12,25,19,27,4,21,20,7,14,21,16,31,26,37
AMY,BACSU,BBA+03,P00691,1,49,1,44,23,20,51,16,35,30,36,10,54,23,29,24,55,45,32,14,28
AMYA,PYRFU,BBA+03,P49067,1,26,2,35,66,37,44,14,41,48,59,12,24,28,15,35,33,12,59,17,41
BPT1,BOVIN,BBA+03,P00974,1,6,6,2,2,4,6,0,2,4,2,1,3,4,1,6,1,3,1,0,4
CYC,BOVIN,BBA+03,P62894,1,6,2,3,9,4,14,3,6,18,6,2,5,4,3,2,1,8,3,1,4
LYSC,CHICK,BBA+03,P00698,1,12,8,7,2,3,12,1,6,6,8,2,14,2,3,11,10,7,6,6,3
MYG,PHYCA,BBA+03,P02185,1,17,0,7,14,6,11,12,9,19,18,2,1,4,5,4,6,5,8,2,3
NUC,STAAU,BBA+03,P00644,1,14,0,8,12,3,10,4,5,23,11,4,6,6,6,5,5,10,9,1,7
RNAS1,BOVIN,BBA+03,P61823,1,12,8,5,5,3,3,4,3,10,2,4,10,4,7,4,15,10,9,0,6
RNBR,BACAM,BBA+03,P00648,1,8,0,9,3,4,10,2,8,8,7,0,6,3,4,6,9,9,4,3,7
RNH,ECOLI,BBA+03,P0A7Y4,1,14,3,7,12,2,14,5,7,11,12,4,7,5,8,10,4,10,9,6,5
RNH,THET8,BBA+03,P29253,1,19,4,5,15,6,14,8,1,12,17,3,6,12,3,15,4,9,6,5,2
RNT1,ASPOR,BBA+03,P00651,1,7,4,6,6,4,12,3,2,1,3,0,9,4,3,1,15,6,8,1,9
CSG,HALJP,BBA+03,Q9C4B4,1,61,0,122,86,20,78,4,47,4,47,0,51,29,21,19,74,79,66,2,18
CSG,HALSA,BBA+03,Q9HM69,1,54,0,113,70,18,77,2,41,15,44,7,56,21,27,19,76,85,68,2,23
CSG,HALVO,BBA+03,P25062,1,59,0,89,67,13,83,2,48,4,49,5,43,19,21,14,85,108,65,3,16
CSG,METFE,BBA+03,P27373,1,24,8,23,31,15,56,1,77,41,23,6,71,19,6,16,35,46,31,8,34
CSG,METJA,BBA+03,Q58232,1,46,2,78,36,10,36,3,25,54,46,12,31,13,3,4,21,28,55,4,23
CSG,METSC,BBA+03,P27374,1,24,8,23,31,15,56,1,74,41,23,8,71,19,6,16,35,46,32,8,34
CSG,METVO,BBA+03,Q50833,1,75,0,64,41,13,41,0,26,46,49,11,26,9,8,3,30,37,52,3,19
CSG,METTL,BBA+03,Q8X235,1,60,0,65,35,10,38,0,34,48,42,7,27,9,9,7,32,29,59,3,16
CSG,METBU1,SNR+06,ZP_00562202.1,1,40,0,96,53,31,49,2,53,25,39,14,20,17,13,12,45,56,62,9,18
CSG,METBU,BBA+03,Q12YZ7,1,5,1,20,20,11,26,5,29,14,18,3,32,10,8,4,23,8,28,1,12
SLAP1,BACAN,BBA+03,P49051,1,95,0,42,70,22,51,2,23,106,51,7,38,21,24,3,36,74,100,5,15
SLAP,ACEKI,BBA+03,P22258,1,65,0,59,25,20,51,3,35,57,58,4,62,16,19,14,36,71,92,4,45
SLAP,AERSA,BBA+03,P35823,1,57,0,30,19,25,43,4,24,25,45,2,39,12,19,14,26,47,41,4,5
SLAP,BACCI,BBA+03,P35824,1,159,9,98,76,51,167,17,61,73,114,11,66,88,46,108,117,125,132,19,49
SLAP,GEOSE,BBA+03,P35825,1,135,0,83,63,40,71,5,53,109,80,3,74,28,31,21,69,156,131,4,42
SLAP,CAMFE,BBA+03,P35827,1,127,0,84,26,28,84,4,68,68,67,12,73,4,4,2,82,119,71,2,14
SLAP,CAUCR,BBA+03,P35828,1,203,0,53,9,31,124,3,40,11,76,3,60,8,20,8,75,190,94,2,15
SLAP,LACAC,BBA+03,P35829,1,56,0,20,8,9,23,3,15,36,13,1,51,8,8,7,33,54,52,0,23
SLAP,LACBR,BBA+03,Q05044,1,60,0,24,6,8,41,2,6,36,20,4,21,6,9,8,37,81,33,4,29
SLAP,LACHE,BBA+03,P38059,1,45,0,24,12,11,24,3,21,41,12,3,38,13,10,5,30,52,42,0,23
SLAP2,BACAN,BBA+03,P94217,1,70,0,62,45,26,76,8,40,86,62,1,57,23,21,9,51,71,99,4,22
SLAP,BACLI,BBA+03,P49052,1,80,0,63,54,29,79,9,45,89,50,2,51,23,17,15,41,78,95,4,20
POLG.VP4,POL1M,BBA+03,P03300,1,7,0,4,2,2,4,1,4,5,2,1,6,3,4,2,9,5,3,0,4
POLG.VP2,POL1M,BBA+03,P03300,1,21,9,10,12,8,18,5,11,5,25,8,20,18,10,13,22,24,14,8,10
POLG.VP3,POL1M,BBA+03,P03300,1,15,5,14,10,10,13,5,14,10,23,12,8,18,7,9,21,20,13,3,8
POLG.VP1,POL1M,BBA+03,P03300,1,23,2,17,11,12,17,7,12,15,20,5,14,21,9,15,24,32,26,4,16
POLG.2A,POL1M,BBA+03,P03300,1,12,6,7,9,5,16,6,8,3,8,4,8,4,7,8,8,6,10,1,13
POLG.P2B,POL1M,BBA+03,P03300,1,6,2,4,5,2,5,0,12,7,12,1,4,2,4,2,7,12,5,2,3
POLG.P2C,POL1M,BBA+03,P03300,1,22,10,15,20,14,12,8,25,23,25,13,20,15,19,19,27,15,16,4,7
POLG.P3A,POL1M,BBA+03,P03300,1,7,2,5,4,2,4,1,7,6,6,2,4,4,7,3,3,6,9,1,4
POLG.VPg,POL1M,BBA+03,P03300,1,2,0,0,0,0,2,0,1,3,1,0,2,3,1,1,0,3,2,0,1
POLG.3C,POL1M,BBA+03,P03300,1,15,3,8,9,8,18,4,13,9,11,5,9,8,7,9,9,19,13,0,5
POLG.RNA,POL1M,BBA+03,P03300,1,31,5,32,30,19,28,12,26,38,46,17,18,22,7,18,30,26,24,7,25
FLAB1,AERPE,BBA+03,Q9YAN8,1,20,2,8,14,7,18,0,13,8,20,4,6,8,3,5,18,13,25,1,4
FLAB2,AERPE,BBA+03,Q9YAN6,1,27,2,18,15,6,20,0,17,6,26,3,6,14,2,7,16,22,23,0,10
FLAB1,METJA,BBA+03,Q58301,1,27,1,11,6,8,18,2,19,8,17,4,10,6,9,1,16,17,18,1,6
FLAB2,METJA,BBA+03,Q58302,1,28,1,7,8,5,18,1,21,8,19,3,12,6,9,2,13,21,17,1,5
FLAB3,METJA,BBA+03,Q58303,1,21,0,8,11,8,19,3,26,6,11,3,15,7,6,6,12,17,20,1,5
FLA,BACSU,BBA+03,P02968,1,39,0,22,17,5,19,4,22,15,29,8,27,2,24,14,24,18,14,0,1
FLAA,AQUPY,BBA+03,P46210,1,54,0,37,19,10,37,2,48,23,45,8,34,9,25,20,34,48,28,2,18
FLAA,AQUAE,BBA+03,O67803,1,57,0,33,18,16,39,1,38,16,46,7,46,7,30,18,38,54,37,0,17
FLJJ,CAUCR,BBA+03,P02969,1,40,0,23,7,5,24,2,13,10,35,5,19,7,18,12,17,22,16,1,0
PST1,YEAST,BBA+03,YDR055W,1,28,4,17,8,18,28,2,26,33,39,0,36,3,12,1,83,35,23,1,3
TSA1,YEAST,BBA+03,YML028W,1,19,2,11,15,11,13,2,13,14,17,0,8,11,6,6,8,13,18,3,5
PRX1,YEAST,BBA+03,YBL064C,1,17,3,20,11,18,11,3,20,25,17,2,12,15,11,11,17,18,21,4,5
DOT5,YEAST,BBA+03,YIL010W,1,14,2,10,19,10,10,3,12,25,18,2,11,12,7,12,20,8,16,0,4
MOD5.M,YEAST,BBA+03,P07884-1,1,15,7,29,30,12,20,11,31,46,35,10,22,16,21,25,20,29,22,9,18
MOD5.N,YEAST,BBA+03,P07884-2,1,15,6,29,30,12,18,11,31,44,32,9,21,15,21,25,20,29,22,9,18
COX1,YEAST,BBA+03,P00401,1,44,1,13,9,44,43,16,49,10,68,21,27,25,9,9,43,31,38,10,24
COX2,YEAST,BBA+03,P00410,1,15,4,13,16,11,12,5,25,8,24,6,7,13,8,4,13,14,19,5,14
COX3,YEAST,BBA+03,P00420,1,22,2,5,7,16,19,15,18,2,36,13,9,9,4,7,16,20,25,9,15
COX4,YEAST,BBA+03,P04037,1,6,3,10,9,1,13,4,6,9,11,2,5,10,4,4,6,10,11,2,4
COX5A,YEAST,BBA+03,P00424,1,13,0,5,8,3,10,1,3,11,11,4,6,6,11,5,13,4,9,6,4
COX5B,YEAST,BBA+03,P00425,1,8,0,4,11,4,11,1,5,13,15,2,9,8,6,6,7,8,6,6,4
COX6,YEAST,BBA+03,P00427,1,11,1,9,16,7,1,1,2,7,11,0,4,5,3,7,5,3,9,0,6
COX7,YEAST,BBA+03,P10174,1,8,0,0,0,3,1,1,6,6,6,0,2,5,3,3,3,2,4,2,4
COX8,YEAST,BBA+03,P04039,1,4,1,1,1,7,4,2,2,6,2,0,1,3,1,1,1,1,6,0,3
COX9,YEAST,BBA+03,P07255,1,4,0,2,3,3,5,1,6,6,3,3,1,1,0,4,2,3,3,3,2
KC11,YEAST,BBA+03,P23291,1,31,4,28,25,17,35,17,23,37,48,12,33,30,72,26,30,24,18,4,24
KC12,YEAST,BBA+03,P23292,1,34,3,29,25,16,40,19,21,38,44,12,39,28,61,26,37,23,20,4,27
KC13,YEAST,BBA+03,P39962,1,24,13,34,21,19,28,18,35,37,35,11,47,28,28,31,46,20,16,4,29
HRR25,YEAST,BBA+03,P29295,1,21,5,24,27,22,28,14,26,33,47,13,31,29,43,32,35,20,17,4,23
GAL83,YEAST,BBA+03,Q04739,1,24,1,37,21,12,23,15,18,18,29,15,32,31,33,11,33,26,20,4,14
SIP1,YEAST,BBA+03,P32578,1,49,6,60,47,27,33,35,43,48,70,19,61,45,32,42,118,55,43,4,26
SIP2,YEAST,BBA+03,P34164,1,17,4,32,27,10,21,8,21,27,26,9,18,32,24,22,44,34,23,3,12
GLRX1,YEAST,BBA+03,P25373,1,8,2,5,12,2,6,3,9,8,14,2,8,4,5,3,3,5,7,0,4
GLRX2.C,YEAST,BBA+03,P17695,1,7,2,4,10,3,7,2,6,12,12,1,6,4,6,0,7,6,10,0,3
GLRX2,YEAST,BBA+03,P17695,1,9,2,5,11,7,7,2,13,14,15,3,8,5,6,2,10,10,11,0,3
GLRX3,YEAST,BBA+03,Q03835,1,17,5,16,32,19,12,7,17,15,23,5,16,12,15,8,27,13,14,2,10
GLRX4,YEAST,BBA+03,P32642,1,18,2,16,26,16,10,3,17,16,19,4,9,11,15,8,22,10,16,2,4
GLRX5,YEAST,BBA+03,Q02784,1,12,2,6,18,9,9,0,10,9,15,4,5,11,4,9,8,7,7,1,4
GSHR.M,YEAST,BBA+03,P41921,1,33,5,24,35,17,43,15,32,42,34,9,28,14,11,18,29,26,45,4,19
GSHR.C,YEAST,BBA+03,P41921,1,32,5,24,35,16,43,15,31,41,32,8,28,14,9,16,27,23,45,4,19
GPD1,YEAST,BBA+03,Q00055,1,32,10,17,33,15,34,12,27,22,32,5,19,14,13,13,24,17,35,6,10
GPD2,YEAST,BBA+03,P41911,1,32,7,21,30,16,29,21,31,26,44,8,19,17,18,21,23,25,34,5,13
TRX1,YEAST,BBA+03,P22217,1,16,2,7,6,6,4,0,5,10,6,3,4,5,6,0,4,4,10,1,3
TRX2,YEAST,BBA+03,P22803,1,15,2,7,6,5,5,0,5,9,5,3,2,4,4,1,9,4,12,1,4
TRX3,YEAST,BBA+03,P25372,1,7,4,8,5,6,6,1,10,13,12,6,4,8,5,5,5,9,8,1,4
TRXB1,YEAST,BBA+03,P29509,1,36,4,15,24,11,29,5,22,24,24,8,10,13,8,10,19,28,17,2,9
TRXB2,YEAST,BBA+03,P38816,1,35,4,14,24,14,28,7,26,20,23,10,14,14,9,16,26,24,23,2,9
AMPM1,YEAST,BBA+03,YLR244C,1,20,14,20,25,9,26,14,22,33,24,7,20,25,11,15,21,27,22,4,18
AMPM2,YEAST,BBA+03,YBL091C,1,29,4,32,35,12,31,14,22,37,31,10,22,17,14,21,19,24,27,2,18
EXG1,YEAST,BBA+03,YLR300W,1,25,7,37,25,17,31,10,24,14,34,5,27,13,18,15,27,18,19,15,27
CLPX,ECOLI,BBA+03,P0A6H1,1,35,7,29,36,10,35,7,31,33,45,4,11,17,20,19,23,19,31,0,11
CLPP,ECOLI,BBA+03,P0A6G7,1,16,2,10,16,8,16,6,16,7,19,12,7,8,10,13,13,10,11,0,7
CLPA,ECOLI,BBA+03,P0ABH9,1,69,3,44,64,27,50,21,46,44,78,15,32,25,36,50,42,38,60,3,11
HSLU,ECOLI,BBA+03,P0A6H5,1,42,2,27,46,10,24,7,38,30,40,14,15,17,23,29,22,21,28,3,5
HSLV,ECOLI,BBA+03,P0A7B8,1,24,1,10,13,5,15,5,12,10,18,3,8,2,4,10,5,12,13,1,4
FTSH,ECOLI,BBA+03,P0AAI3,1,59,2,37,50,25,58,9,40,37,51,25,26,36,22,43,32,27,50,5,10
LON,ECOLI,BBA+03,P0A9M0,1,62,6,51,68,10,51,14,51,61,84,30,26,37,28,49,38,32,63,3,20
AMY1,HORVU,BBA+03,P25718,1,47,4,37,13,15,44,13,23,22,25,12,17,17,12,15,21,17,28,16,16
AMYB,HORVU,BBA+03,P16098,1,41,5,31,31,23,56,14,22,22,41,18,26,35,28,27,22,21,37,10,25
GUB2,HORVU,BBA+03,P12257,1,43,2,6,6,15,33,7,11,9,17,11,24,18,10,8,22,15,30,4,15
ALEU,HORVU,BBA+03,P05167,1,18,1,4,8,7,7,2,3,2,10,2,4,3,2,17,15,7,5,1,3
RPOE,ECOLI,BBA+03,P0AGB6,1,17,1,12,16,7,8,1,12,7,18,4,7,8,9,18,14,6,18,1,7
FLIA,ECOLI,BBA+03,P0AEM6,1,18,0,14,25,2,13,5,9,6,36,5,9,5,17,24,12,11,17,3,8
RP32,ECOLI,BBA+03,P0AGB3,1,33,0,23,22,8,12,6,12,16,29,11,13,6,14,23,16,9,18,6,7
RPOS,ECOLI,BBA+03,P13445,1,24,0,23,41,9,19,4,19,12,44,5,13,8,15,34,13,17,20,3,7
RP54,ECOLI,BBA+03,P24255,1,31,3,36,42,10,18,9,30,19,59,10,14,21,38,26,36,33,26,5,11
RPOD,ECOLI,BBA+03,P00579,1,49,3,54,71,15,24,9,43,34,54,25,19,19,30,46,29,38,34,4,13
AMY1,ECOLI,BBA+03,P25718,1,58,4,55,25,29,58,19,22,31,56,15,24,31,42,27,39,45,29,25,25
AMPM,ECOLI,BBA+03,P0AE18,1,14,7,17,22,6,22,9,26,18,16,9,8,11,5,13,12,16,24,1,8
AMPM,PYRFU,BBA+03,P56218,1,30,0,12,29,8,22,6,29,26,26,9,9,14,5,14,6,13,24,1,12
ALBU,BOVIN,BBA+03,P02769,1,47,35,40,59,27,16,17,14,59,61,4,14,28,20,23,28,33,36,2,20
OVAL,CHICK,BBA+03,P01012,1,35,6,14,33,20,19,7,25,20,32,16,17,14,15,15,38,15,31,3,10
INS,BOVIN,BBA+03,P01317,1,3,6,0,4,3,4,2,1,1,6,0,3,1,3,1,3,1,5,0,4
CTRA,BOVIN,BBA+03,P00766,1,22,10,9,5,6,23,2,10,14,19,2,13,9,10,3,27,22,23,8,4
LACB,BOVIN,BBA+03,P02754,1,15,5,10,16,4,4,2,10,15,22,4,5,8,9,3,7,8,9,2,4
MYG,HORSE,BBA+03,P68082,1,15,0,8,13,7,15,11,9,19,17,2,2,4,6,2,5,7,7,2,2
A0FHA7,HORVU,BBA+03,A0FHA7,1,41,11,27,44,25,30,10,16,40,62,8,19,29,16,30,38,21,31,6,13
CLPP,HORVU,BBA+03,P48883,1,15,3,15,17,11,14,5,20,7,16,12,3,13,3,12,9,12,15,5,9
E13A,HORVU,BBA+03,P34742,1,41,2,15,8,14,30,2,13,9,24,5,24,20,7,16,16,21,26,3,14
CSG,METMP,BBA+03,Q6M088,1,91,0,61,36,14,47,0,29,29,46,9,20,14,9,2,21,34,65,3,16
HJA1,METJA,BBA+03,Q57632,1,15,0,1,11,1,1,1,4,10,7,1,0,2,0,4,1,1,6,0,1
HJA2,METJA,BBA+03,Q58342,1,15,0,1,11,1,1,1,4,9,7,1,0,2,1,4,1,1,6,0,1
HJA3,METJA,BBA+03,Q58655,1,14,1,2,7,1,3,1,3,9,6,1,0,2,1,5,2,1,7,0,1
HJA4,METJA,BBA+03,Q60264,1,13,0,2,10,2,1,1,4,10,7,1,0,2,0,4,1,2,6,0,1
HstA,METVO,BBA+03,Q6ZZY8,1,11,0,2,9,1,3,1,5,8,5,3,0,2,0,5,3,1,8,0,0
HstB,METVO,BBA+03,Q6ZZY7,1,12,0,2,11,1,2,1,4,7,9,3,0,2,0,4,3,1,4,0,0
HARA,PYRAB,BBA+03,P61881,1,12,0,2,9,1,3,1,5,8,5,1,0,2,1,5,2,1,7,0,2
HARB,PYRAB,BBA+03,Q9V1F5,1,13,0,3,7,0,2,2,5,10,8,1,0,2,1,5,2,1,5,0,0
HARA,PYRFU,BBA+03,P61882,1,12,0,2,9,1,3,1,5,8,5,1,0,2,1,5,2,1,7,0,2
HARB,PYRFU,BBA+03,O59627,1,12,0,3,7,0,3,2,6,10,6,1,0,2,2,4,2,1,6,0,0
HMmA,METMP,BBA+03,Q6M085,1,13,0,4,8,1,2,1,4,9,5,5,0,2,0,3,2,1,7,0,0
Q6LXK3,METMP,BBA+03,Q6LXK3,1,15,0,4,7,0,2,1,2,7,7,4,0,2,0,4,3,1,7,0,0
DN71,SULSO,BBA+03,P61991,1,3,0,3,6,2,7,0,3,14,3,3,0,1,3,2,3,3,5,1,2
DN72,SULSO,BBA+03,P39476,1,3,0,3,7,2,7,0,3,14,3,2,0,1,2,2,3,3,5,1,2
TPX,THIDA,BBA+03,Q3SMC0,1,23,2,11,7,7,11,1,8,13,15,4,9,9,1,3,8,10,19,0,2
TPX,BACHD,BBA+03,Q9K813,1,21,2,12,12,6,9,2,6,11,16,2,9,6,3,6,9,11,18,1,4
TPX,BACSU,BBA+03,P80864,1,17,2,11,14,7,12,2,9,12,12,2,7,6,4,6,9,10,18,1,5
TPX,AQUAE,BBA+03,O66780,1,11,2,10,16,6,12,0,11,14,11,5,7,8,5,6,4,10,27,0,4
TPX,ECOLI,BBA+03,P0A862,1,22,3,10,7,10,10,1,10,7,15,0,10,6,9,5,10,12,18,0,2
H-NS,PHOPR,BBA+03,Q6LT83,1,14,0,9,19,2,5,1,2,14,19,3,2,4,4,9,8,7,5,1,3
cell,ECOLI,Nei86,NA,1,488,87,229,250,176,582,90,276,326,428,146,229,210,250,281,205,241,402,54,131
PPB,ECOLI,BBA+03,P00634,1,64,4,28,24,8,45,10,16,28,39,8,20,21,22,14,22,40,23,3,11
SPTA2.SH3,CHICK,BBA+03,P07751,1,3,0,5,4,1,3,0,1,8,7,1,3,3,2,2,2,4,6,2,3
BARS,BACAM,BBA+03,P11540,1,6,2,4,11,2,5,1,6,6,12,0,3,2,6,3,5,4,5,3,3
TRY1,BOVIN,BBA+03,P00760,1,14,12,6,4,3,25,3,15,14,14,2,16,8,10,2,34,10,17,4,10
CYB5.HEME,BOVIN,BBA+03,P00171,1,3,0,4,11,3,6,5,4,6,8,0,3,1,2,2,4,6,4,1,4
LYS,BPT4,BBA+03,P00720,1,15,2,10,8,5,11,1,10,13,16,5,12,3,5,13,6,11,9,3,6
RNT1.K25,ASPOR,BBA+03,P00651,1,7,4,6,6,4,12,3,2,2,3,0,9,4,2,1,15,6,8,1,9
IOVO.3,MELGA,BBA+03,P68390,1,2,6,2,3,2,4,1,0,4,4,0,5,3,0,1,4,4,3,0,3
PAP1,CARPA,BBA+03,P00784,1,14,7,6,10,4,28,2,12,10,11,0,13,10,10,12,13,8,18,5,19
PRVB,ESOLU,BBA+03,P02619,1,20,1,14,6,10,7,1,4,12,9,2,1,1,2,1,8,2,5,0,1
PEPA,PIG,BBA+03,P00791,1,16,6,29,13,14,35,1,25,1,26,4,13,15,13,2,44,26,22,5,16
PLMN.K4,HUMAN,BBA+03,P00747,1,2,6,4,2,1,6,3,0,6,2,2,5,6,3,4,7,10,1,3,5
SPG1.B1,STRSG,BBA+03,P06654,1,6,0,5,5,2,4,0,1,6,3,0,3,0,1,0,0,11,4,1,3
SPG1.B2,STRSG,BBA+03,P06654,1,6,0,5,4,2,4,0,1,7,2,0,3,0,1,0,0,11,5,1,3
DN71.d,SULAC,BBA+03,P13123,1,4,0,5,7,2,5,0,1,13,3,2,1,1,0,4,3,3,7,1,2
SSI,STRAO|2,BBA+03,P01006,2,36,8,12,10,6,22,4,0,4,18,6,6,16,2,8,18,16,26,2,6
SSI,STRAO,BBA+03,P01006,1,18,4,6,5,3,11,2,0,2,9,3,3,8,1,4,9,8,13,1,3
TRPA,SALTY,BBA+03,P00929,1,40,3,13,16,12,20,5,18,8,28,5,11,17,10,15,16,7,17,0,7
UBIQ,HUMAN,BBA+03,P62988,1,2,0,5,6,2,6,1,7,7,9,1,2,3,6,4,3,7,4,0,1
CDC2,HUMAN,BBA+03,NA,1,12,1,19,18,11,18,8,22,24,36,8,10,15,10,15,21,13,18,4,14
CDK2,HUMAN,BBA+03,NA,1,19,3,16,17,16,16,10,16,21,39,5,8,19,9,16,14,17,23,4,10
CDK3,HUMAN,BBA+03,NA,1,16,2,14,21,15,18,9,17,20,41,7,6,19,13,19,17,16,19,4,12
CDK4,HUMAN,BBA+03,NA,1,22,4,17,19,13,24,9,11,11,33,8,7,25,8,23,15,15,27,3,9
CDK5,HUMAN,BBA+03,NA,1,16,8,21,17,15,16,7,11,23,40,4,13,19,9,16,14,12,18,3,10
CDK6,HUMAN,BBA+03,NA,1,19,6,23,22,16,18,9,12,18,39,6,7,17,14,22,20,19,28,3,8
CDK7,HUMAN,BBA+03,NA,1,24,5,20,18,17,23,10,20,24,50,8,14,21,13,18,15,18,15,4,9
CDK8,HUMAN,BBA+03,NA,1,25,6,33,24,17,27,22,23,39,40,13,16,33,24,24,28,23,21,6,20
CDK9,HUMAN,BBA+03,NA,1,22,7,21,23,14,19,8,19,29,45,11,18,18,17,23,19,18,22,5,14
CDK10,HUMAN,BBA+03,NA,1,18,10,13,27,13,21,11,19,26,48,9,10,26,12,24,17,20,22,4,10
CCNA1,HUMAN,BBA+03,NA,1,34,11,24,37,18,28,8,18,21,59,12,10,29,22,22,27,26,31,4,24
CCNA2,HUMAN,BBA+03,NA,1,38,3,20,33,11,16,12,15,31,52,12,16,34,25,16,25,23,30,3,17
CCNB1,HUMAN,BBA+03,NA,1,39,5,19,33,10,17,8,19,36,45,22,17,35,19,16,20,23,35,2,13
CCNB2,HUMAN,BBA+03,NA,1,25,5,19,26,9,13,8,21,35,46,13,20,18,23,18,26,22,34,3,14
CCNB3,HUMAN,BBA+03,NA,1,75,21,41,164,56,27,29,69,172,162,40,37,80,60,23,139,113,58,4,25
CCNC,HUMAN,BBA+03,NA,1,18,7,12,20,15,7,5,15,19,35,10,9,15,18,13,17,10,17,6,15
CCND1,HUMAN,BBA+03,NA,1,26,13,13,34,10,3,4,12,18,36,12,12,15,13,16,16,13,21,2,6
CCND2,HUMAN,BBA+03,NA,1,21,12,20,24,8,7,5,13,17,41,8,7,13,19,16,14,16,18,3,7
CCND3,HUMAN,BBA+03,NA,1,30,12,12,21,6,14,7,10,10,41,9,1,17,16,22,20,18,15,3,8
CCNE1,HUMAN,BBA+03,NA,1,31,10,29,29,13,14,9,20,26,46,16,12,25,21,24,27,15,22,8,13
CCNE2,HUMAN,BBA+03,NA,1,18,10,18,30,18,12,10,31,33,44,10,14,23,23,17,29,23,22,8,11
CCNF,HUMAN,BBA+03,NA,1,59,32,41,57,24,40,22,25,34,97,7,15,40,41,50,74,42,55,12,19
CCNG1,HUMAN,BBA+03,NA,1,15,11,9,22,13,8,7,17,23,43,6,10,9,17,18,22,17,18,3,7
CCNG2,HUMAN,BBA+03,NA,1,19,19,14,36,16,11,10,18,24,50,4,14,14,8,13,31,16,18,2,7
CCNH,HUMAN,BBA+03,NA,1,20,8,14,31,14,7,8,14,24,42,10,15,15,10,20,24,13,17,2,15
CCNI,HUMAN,BBA+03,NA,1,25,11,17,21,16,11,14,14,23,52,11,12,24,18,18,36,16,26,4,8
CCNJ,HUMAN,BBA+03,NA,1,26,12,12,20,12,12,16,15,13,52,9,10,19,32,17,31,22,19,6,17
CCNJL,HUMAN,BBA+03,NA,1,34,17,17,17,16,14,21,10,16,60,9,8,37,20,18,43,32,25,5,16
CCNK,HUMAN,BBA+03,NA,1,20,7,18,21,15,12,11,13,28,30,7,7,32,42,14,22,17,22,8,11
CCNL1,HUMAN,BBA+03,NA,1,36,7,16,32,13,27,30,25,37,41,6,18,27,17,62,64,33,22,2,11
CCNL2,HUMAN,BBA+03,NA,1,43,9,21,31,12,35,16,19,41,44,7,11,32,21,58,59,17,27,2,15
CCNO,HUMAN,BBA+03,NA,1,37,17,14,17,14,17,11,8,11,49,4,6,30,19,25,32,16,18,1,4
CCNT1,HUMAN,BBA+03,NA,1,48,7,29,44,20,31,39,24,52,62,16,32,52,38,30,90,53,36,8,15
CCNT2,HUMAN,BBA+03,NA,1,37,9,32,37,15,33,46,34,56,59,17,26,41,41,26,113,46,37,7,18
CCNY,HUMAN,BBA+03,NA,1,23,9,26,20,11,5,9,22,19,38,4,19,18,11,26,33,15,15,4,14
CD5R1,HUMAN,BBA+03,NA,1,20,8,12,11,9,14,7,10,23,38,5,16,19,15,14,37,14,21,4,10
MAT1,HUMAN,BBA+03,NA,1,13,8,15,35,11,13,7,11,27,39,6,15,16,21,17,14,13,18,1,9
Q2RJF3,MOOTA,BBA+03,NA,1,34,5,28,37,16,32,13,32,30,50,10,20,18,10,23,19,15,27,3,26
Q2RMD6,MOOTA,BBA+03,NA,1,146,18,60,72,48,93,25,68,80,91,27,40,56,43,42,64,62,80,11,45
Q2RJ73,MOOTA,BBA+03,NA,1,54,10,46,59,35,64,11,63,42,52,26,21,43,17,39,23,40,47,9,28
H2O,RESIDUE,CHNOSZ,NA,1,0,0,0,0,0,0,0,0,0,0,0,0,0,0,0,0,0,0,0,0
Ala,RESIDUE,CHNOSZ,NA,0,1,0,0,0,0,0,0,0,0,0,0,0,0,0,0,0,0,0,0,0
Cys,RESIDUE,CHNOSZ,NA,0,0,1,0,0,0,0,0,0,0,0,0,0,0,0,0,0,0,0,0,0
Asp,RESIDUE,CHNOSZ,NA,0,0,0,1,0,0,0,0,0,0,0,0,0,0,0,0,0,0,0,0,0
Glu,RESIDUE,CHNOSZ,NA,0,0,0,0,1,0,0,0,0,0,0,0,0,0,0,0,0,0,0,0,0
Phe,RESIDUE,CHNOSZ,NA,0,0,0,0,0,1,0,0,0,0,0,0,0,0,0,0,0,0,0,0,0
Gly,RESIDUE,CHNOSZ,NA,0,0,0,0,0,0,1,0,0,0,0,0,0,0,0,0,0,0,0,0,0
His,RESIDUE,CHNOSZ,NA,0,0,0,0,0,0,0,1,0,0,0,0,0,0,0,0,0,0,0,0,0
Ile,RESIDUE,CHNOSZ,NA,0,0,0,0,0,0,0,0,1,0,0,0,0,0,0,0,0,0,0,0,0
Lys,RESIDUE,CHNOSZ,NA,0,0,0,0,0,0,0,0,0,1,0,0,0,0,0,0,0,0,0,0,0
Leu,RESIDUE,CHNOSZ,NA,0,0,0,0,0,0,0,0,0,0,1,0,0,0,0,0,0,0,0,0,0
Met,RESIDUE,CHNOSZ,NA,0,0,0,0,0,0,0,0,0,0,0,1,0,0,0,0,0,0,0,0,0
Asn,RESIDUE,CHNOSZ,NA,0,0,0,0,0,0,0,0,0,0,0,0,1,0,0,0,0,0,0,0,0
Pro,RESIDUE,CHNOSZ,NA,0,0,0,0,0,0,0,0,0,0,0,0,0,1,0,0,0,0,0,0,0
Gln,RESIDUE,CHNOSZ,NA,0,0,0,0,0,0,0,0,0,0,0,0,0,0,1,0,0,0,0,0,0
Arg,RESIDUE,CHNOSZ,NA,0,0,0,0,0,0,0,0,0,0,0,0,0,0,0,1,0,0,0,0,0
Ser,RESIDUE,CHNOSZ,NA,0,0,0,0,0,0,0,0,0,0,0,0,0,0,0,0,1,0,0,0,0
Thr,RESIDUE,CHNOSZ,NA,0,0,0,0,0,0,0,0,0,0,0,0,0,0,0,0,0,1,0,0,0
Val,RESIDUE,CHNOSZ,NA,0,0,0,0,0,0,0,0,0,0,0,0,0,0,0,0,0,0,1,0,0
Trp,RESIDUE,CHNOSZ,NA,0,0,0,0,0,0,0,0,0,0,0,0,0,0,0,0,0,0,0,1,0
Tyr,RESIDUE,CHNOSZ,NA,0,0,0,0,0,0,0,0,0,0,0,0,0,0,0,0,0,0,0,0,1
CDC3,YEAST,BBA+03,YLR314C,1,16,3,35,56,22,25,13,36,55,46,8,37,18,34,17,41,16,25,3,14
CDC10,YEAST,BBA+03,YCR002C,1,16,1,18,29,16,14,8,30,16,30,4,18,9,13,22,24,24,18,2,10
CDC11,YEAST,BBA+03,YJR076C,1,11,3,28,45,12,23,8,37,20,45,7,24,13,15,31,34,27,18,2,12
CDC5,YEAST,BBA+03,YMR001C,1,32,9,40,51,34,37,24,51,63,66,15,27,34,21,43,57,34,36,5,26
CDC14,YEAST,BBA+03,YFR028C,1,37,7,31,28,28,36,18,34,30,42,9,44,27,21,31,44,29,30,4,21
CDC15,YEAST,BBA+03,YAR019C,1,51,13,58,42,51,28,23,82,70,111,17,64,43,27,34,103,60,53,11,33
CDC16,YEAST,BBA+03,YKL022C,1,63,16,55,44,34,27,17,36,62,93,22,78,27,30,31,77,50,36,6,36
CDC23,YEAST,BBA+03,YHR166C,1,42,14,41,50,34,24,9,35,47,71,17,33,9,31,28,46,26,23,10,36
CDC27,YEAST,BBA+03,YBL084C,1,51,16,28,30,27,23,20,45,50,86,16,84,31,39,22,83,42,24,5,36
CDC24,YEAST,BBA+03,YAL041W,1,37,7,36,54,41,17,25,62,62,84,22,70,31,40,34,127,46,35,6,18
CDC7,YEAST,BBA+03,YDL017W,1,23,9,35,36,24,30,12,32,37,50,13,29,23,18,22,33,24,25,7,25
CDC31,YEAST,BBA+03,YOR257W,1,7,1,18,21,9,9,3,12,12,20,6,7,3,4,8,9,4,3,0,5
CDC28,YEAST,BBA+03,YBR160W,1,17,4,23,16,12,21,7,23,22,36,5,8,17,10,20,15,7,18,4,13
CLN3,YEAST,BBA+03,YAL040C,1,42,11,24,16,31,7,12,32,34,71,12,42,28,24,22,92,43,11,5,21
CLN1,YEAST,BBA+03,YMR199W,1,18,9,26,32,21,22,12,41,26,45,15,50,23,33,20,63,35,27,5,23
CLN2,YEAST,BBA+03,YPL256C,1,18,9,21,35,21,24,12,39,23,47,18,51,30,31,21,60,30,30,4,21
CLB5,YEAST,BBA+03,YPR120C,1,31,6,26,34,17,12,10,27,33,40,12,34,15,18,25,32,17,22,5,19
CLB6,YEAST,BBA+03,YGR109C,1,16,11,22,26,18,8,12,33,37,38,11,24,18,10,15,30,18,16,4,13
CLB1,YEAST,BBA+03,YGR108W,1,17,8,31,40,22,17,10,39,40,48,13,34,11,19,21,39,19,20,5,18
CLB2,YEAST,BBA+03,YPR119W,1,24,5,25,43,21,20,13,31,40,49,11,35,19,22,23,42,24,26,4,14
CLB3,YEAST,BBA+03,YDL155W,1,31,5,28,39,10,10,16,28,19,44,7,23,18,15,26,38,17,23,8,22
CLB4,YEAST,BBA+03,YLR210W,1,24,3,38,39,20,13,10,34,22,41,9,23,18,27,27,29,23,31,7,22
CAK1,YEAST,BBA+03,YFL029C,1,15,7,31,19,17,17,8,33,26,31,14,20,18,16,16,28,13,22,4,13
KIN28,YEAST,BBA+03,YDL108W,1,19,4,19,19,14,13,7,22,20,30,13,12,20,9,16,16,16,19,5,13
SWE1,YEAST,BBA+03,YJL187C,1,38,4,50,61,33,32,23,57,60,67,14,70,39,24,35,99,54,30,9,20
MIH1,YEAST,BBA+03,YMR036C,1,13,10,37,33,35,20,17,26,31,45,10,50,30,20,39,86,23,14,0,15
CKS1,YEAST,BBA+03,YBR135W,1,10,1,7,11,4,5,9,7,4,12,4,4,8,24,9,9,6,5,2,9
SIC1,YEAST,BBA+03,YLR079W,1,12,0,15,27,11,11,4,11,20,19,5,19,27,16,23,25,20,16,1,2
FAR1,YEAST,BBA+03,YJL157C,1,26,15,62,61,40,41,19,47,63,83,19,36,41,36,32,74,52,49,10,24
CDC53,YEAST,BBA+03,YDL132W,1,52,6,45,59,38,30,20,63,77,84,22,48,30,31,33,54,46,35,8,34
SKP1,YEAST,BBA+03,YDR328C,1,10,1,26,22,5,5,4,10,10,13,4,17,7,3,13,17,5,15,3,3
RBX1,YEAST,BBA+03,YOL133W,1,12,9,10,8,3,2,4,8,8,3,4,9,5,6,6,6,5,7,6,0
CDC4,YEAST,BBA+03,YFL009W,1,47,8,48,33,26,47,24,54,46,73,11,59,28,15,31,86,55,51,11,26
GRR1,YEAST,BBA+03,YJR090C,1,37,21,77,60,52,37,25,80,52,138,29,127,40,56,72,73,71,70,7,27
CLA4,YEAST,BBA+03,YNL298W,1,43,10,42,34,19,36,26,42,59,63,21,56,71,58,35,100,50,43,9,25
APC1,YEAST,BBA+03,YNL172W,1,85,20,111,99,78,95,32,133,108,206,35,90,72,59,72,189,95,90,19,60
APC2,YEAST,BBA+03,YLR127C,1,27,12,56,54,47,22,20,63,67,113,18,69,31,28,35,56,50,38,13,34
APC4,YEAST,BBA+03,YDR118W,1,27,8,52,39,36,27,12,60,48,72,6,41,22,19,30,51,27,37,6,32
APC5,YEAST,BBA+03,YOR249C,1,24,12,41,52,35,18,10,59,46,86,18,50,17,25,25,63,34,36,7,27
APC9,YEAST,BBA+03,YLR102C,1,8,6,22,25,10,11,10,12,16,27,6,23,12,5,19,21,10,11,2,9
APC10,YEAST,BBA+03,YGL240W,1,14,3,22,12,13,10,11,15,12,25,8,16,15,13,11,14,8,17,4,7
APC11,YEAST,BBA+03,YDL008W,1,7,9,16,13,8,9,7,12,6,9,3,9,9,8,9,8,7,11,3,2
SWM1,YEAST,BBA+03,YDR260C,1,15,0,12,13,6,11,6,6,3,11,5,17,6,8,13,15,9,4,4,6
MND2,YEAST,BBA+03,YIR025W,1,16,0,39,41,10,20,9,18,14,27,10,28,15,15,33,30,9,16,3,15
CDC20,YEAST,BBA+03,YGL116W,1,36,10,34,28,14,41,14,43,39,46,11,34,27,24,34,76,45,27,11,16
CDH1,YEAST,BBA+03,YGL003C,1,31,6,34,25,17,32,17,26,29,49,11,32,29,17,36,75,39,37,9,15
AMA1,YEAST,BBA+03,YGR225W,1,28,16,22,40,30,30,15,43,41,47,5,38,25,17,29,74,33,29,9,22
Q6JAI0,9RHOD,BBA+03,Q6JAI0,1,37,4,22,21,18,39,9,25,21,39,12,20,15,12,23,14,20,31,6,17
PRRB,PRB02,BBA+03,Q9AFF7,1,32,1,8,7,12,24,1,16,7,26,10,8,6,2,3,14,12,23,8,13
A5CKC7,9CHRO,BBA+03,A5CKC7,1,39,10,29,36,25,47,16,21,28,39,9,14,20,12,27,18,28,29,9,14
RBL,SYNJA,BBA+03,Q2JV67,1,48,9,27,32,21,43,14,22,26,38,12,16,24,13,28,13,30,31,9,18
A1E8R4,9CHLO,BBA+03,A1E8R4,1,20,6,16,13,12,30,10,11,16,29,8,11,8,5,20,12,13,17,2,10
A8C9T6,9MYCO,BBA+03,A8C9T6,1,50,3,29,27,17,47,14,24,20,34,16,15,22,13,26,18,35,36,10,20
P72383,9BACL,BBA+03,P72383,1,55,2,29,27,17,42,15,28,22,35,12,15,24,16,26,17,33,31,10,23
A3EQE1,9BACT,BBA+03,A3EQE1,1,41,5,17,28,12,39,11,21,32,38,18,3,20,7,23,28,13,22,5,9
A6YF84,9PROT,BBA+03,A6YF84,1,16,3,10,14,8,23,10,7,13,21,8,9,10,4,17,6,10,14,2,8
A6CDM2,9PLAN,BBA+03,A6CDM2,1,25,5,16,30,10,26,7,27,25,32,8,12,15,13,16,10,16,16,2,11
A0GZU2,9CHLR,BBA+03,A0GZU2,1,85,5,20,50,19,51,15,31,13,39,12,14,36,13,53,17,33,63,2,19
ACCA,DEIRA,BBA+03,Q9RV16,1,46,2,23,22,5,29,4,13,5,38,6,4,17,12,34,14,14,18,6,4
A1VC70,DESVV,BBA+03,A1VC70,1,74,12,41,51,31,65,19,39,36,59,17,22,31,27,66,34,35,49,12,31
Q8RTQ6,9BACT,BBA+03,Q8RTQ6,1,16,13,13,19,7,20,10,21,21,18,6,10,18,5,11,9,18,20,4,13
KPYK,BACPY,BBA+03,P51182,1,53,5,31,46,6,55,13,56,31,45,19,29,20,17,25,37,33,54,1,10
A7WGI1,9AQUI,BBA+03,A7WGI1,1,46,6,22,49,16,40,9,45,41,30,7,16,17,10,21,19,18,34,2,24
Q1ELZ7,9BACT,BBA+03,Q1ELZ7,1,28,1,18,38,35,30,6,40,33,53,14,27,16,21,23,56,20,46,10,18
Q9F7M8,PRB01,BBA+03,Q9F7M8,1,32,7,23,40,19,35,15,48,30,31,12,25,19,15,20,21,24,15,0,16
A6YF68,9GAMM,BBA+03,A6YF68,1,16,5,11,16,11,24,12,9,12,23,6,11,8,4,18,6,11,19,3,8
Q2JSS7,SYNJA,BBA+03,Q2JSS7,1,37,3,17,32,10,26,10,23,13,40,6,5,18,19,26,8,15,12,2,5
A4AGS7,9ACTN,BBA+03,A4AGS7,1,95,5,38,51,13,57,25,39,12,52,14,9,32,16,40,49,45,68,7,8
ACCA,AQUAE,BBA+03,O67260,1,28,5,14,31,14,28,7,19,35,29,9,5,14,3,19,14,10,25,3,11
A8F7V4,THELT,BBA+03,A8F7V4,1,25,4,15,26,25,30,9,35,24,31,8,21,18,13,15,25,18,23,0,11
ACCA,CAUCR,BBA+03,Q9A448,1,47,1,21,26,9,31,8,19,12,26,10,4,12,12,28,12,14,19,2,7
RBL,BRAJA,BBA+03,Q9ZI34,1,48,5,28,29,19,45,14,23,24,37,16,15,22,12,30,21,33,37,8,20
A1RZJ5,THEPD,BBA+03,A1RZJ5,1,44,1,22,36,16,43,11,23,27,34,12,6,27,10,28,17,18,43,6,19
RBL,METJA,BBA+03,Q58632,1,36,2,22,47,17,38,8,37,39,29,14,15,15,6,23,13,13,31,4,16
A3DND9,STAMF,BBA+03,A3DND9,1,36,1,25,33,16,41,14,32,33,36,12,10,26,5,26,17,18,33,6,23
A6VIX9,METM7,BBA+03,A6VIX9,1,43,6,20,49,19,39,11,50,39,23,11,24,22,8,24,27,17,42,0,20
RBL,PYRHO,BBA+03,O58677,1,39,0,19,39,18,40,12,24,28,39,18,12,21,8,26,17,15,32,7,16
ACCA,THET2,BBA+03,Q72HS8,1,40,1,16,29,10,24,4,14,18,35,5,7,18,9,26,11,11,20,6,8
ACCC,PSEAE,BBA+03,P37798,1,47,7,24,38,14,43,14,30,24,33,12,13,21,11,29,19,19,38,0,13
ACCA,PSEAE,BBA+03,Q9HXZ2,1,31,3,18,27,9,30,5,23,14,32,13,10,17,11,23,16,9,13,3,9
Q64VW6,BACFR,BBA+03,Q64VW6,1,52,9,23,48,16,33,9,38,30,32,17,21,22,11,39,20,25,33,2,23
Q05KD0,HYDTH,BBA+03,Q05KD0,1,34,7,21,43,16,37,10,50,34,23,12,13,19,9,30,22,10,38,2,14
Q93EV7,9BACT,BBA+03,Q93EV7,1,24,11,27,26,19,32,12,28,21,26,11,11,20,12,25,13,16,22,12,11
ACCA,THIDA,BBA+03,Q3SL76,1,37,2,19,24,12,27,3,22,16,30,9,5,14,16,27,14,17,14,3,11
RBL1,THIDA,BBA+03,Q56259,1,44,8,31,32,22,45,15,23,27,33,14,15,20,8,27,16,30,36,10,17
Q9WZH5,THEMA,BBA+03,Q9WZH5,1,45,2,30,40,19,48,10,43,35,40,13,19,28,14,25,21,22,43,2,16
PRIO,BOVIN,BBA+03,P10279,1,9,2,5,8,3,48,11,4,10,3,7,11,16,17,11,8,12,11,8,13
Q1GVH6,SPHAL,BBA+03,NA,1,114,5,71,63,25,78,23,47,43,103,24,19,54,23,59,44,51,58,10,23
Q3SG50,THIDA,BBA+03,NA,1,135,8,57,59,23,65,24,42,31,113,14,21,43,33,65,40,37,62,8,27
DPO1,PSEAE,BBA+03,Q9HT80,1,109,2,64,68,24,67,16,41,44,111,21,20,45,41,52,42,41,71,5,29
A1VG95,DESVV,BBA+03,NA,1,127,10,73,53,35,81,20,35,30,119,22,24,70,49,79,49,65,50,10,14
Q30R59,SULDN,BBA+03,NA,1,58,4,54,84,56,44,16,71,83,98,20,38,25,34,28,58,44,48,3,36
A6CAX6,9PLAN,BBA+03,NA,1,67,5,57,75,36,50,22,68,43,94,22,31,48,54,47,48,44,62,10,17
B1TVZ0,MICLU,BBA+03,NA,1,133,0,67,81,28,72,23,24,24,109,19,13,49,39,72,37,50,73,5,19
A0LXN4,GRAFK,BBA+03,NA,1,71,4,60,97,43,50,14,66,87,86,25,49,31,36,40,50,46,52,3,32
B9XB89,9BACT,BBA+03,NA,1,94,5,46,89,37,61,22,59,65,90,23,35,37,46,51,35,57,57,7,31
DPO1,GEOSE,BBA+03,P52026,1,86,2,54,76,32,50,21,50,59,100,20,26,36,40,51,27,49,64,5,28
Q1II21,ACIBL,BBA+03,NA,1,100,5,64,71,29,52,20,44,54,93,27,31,51,33,60,41,53,72,2,27
A3EQ00,9BACT,BBA+03,NA,1,60,5,55,67,31,63,16,42,39,111,16,22,54,26,72,61,41,60,10,21
DPO1,TREPA,BBA+03,NA,1,96,24,57,60,46,45,38,62,38,101,17,24,32,48,67,63,66,73,5,35
O84500,CHLTR,BBA+03,NA,1,75,11,43,72,41,51,14,42,55,104,18,27,31,54,39,61,36,64,4,24
NUOB,SPHAL,BBA+03,Q1GTJ8,1,12,6,10,6,6,17,2,7,4,10,11,6,13,6,13,11,9,16,3,9
NUOB,THIDA,BBA+03,Q3SEX7,1,13,6,7,5,5,14,1,12,5,8,10,4,9,7,12,9,8,13,2,8
NUOB,PSEAE,BBA+03,Q9I0K0,1,15,5,13,14,8,16,2,13,9,16,10,8,16,14,14,11,8,20,4,9
A1VC22,DESVV,BBA+03,A1VC22,1,10,7,9,6,1,14,1,14,7,12,1,4,14,1,12,4,5,14,3,5
NUOB,SULDN,BBA+03,Q30PH9,1,16,4,7,4,5,14,2,11,10,12,10,7,7,8,11,10,11,10,3,7
A6CA33,9PLAN,BBA+03,A6CA33,1,20,3,5,7,13,18,0,23,7,26,8,9,6,8,6,16,11,16,2,3
NUOB,BACFR,BBA+03,Q64Y07,1,14,5,10,12,10,18,1,12,18,11,11,8,13,4,10,8,4,17,2,8
NUOB,MYCTU,BBA+03,P65575,1,22,4,5,13,5,15,3,12,6,19,12,4,13,8,13,6,5,13,2,4
NUOB1,ACIBL,BBA+03,Q1IPE7,1,18,5,7,12,9,14,1,14,4,14,10,12,17,11,17,15,9,13,3,8
KAD,SPHAL,BBA+03,Q1GPC0,1,23,4,22,13,3,23,3,16,8,19,6,3,10,4,18,8,13,18,0,5
KAD,THIDA,BBA+03,Q3SIR8,1,23,1,18,13,4,25,3,18,18,12,7,3,9,9,12,6,8,18,1,9
KAD,PSEAE,BBA+03,Q9HXV4,1,21,1,15,15,6,21,7,17,14,14,3,1,10,9,12,13,12,20,0,4
A1VCT9,DESVV,BBA+03,A1VCT9,1,21,3,19,12,6,25,4,19,19,23,6,12,7,8,12,6,8,10,2,7
Q30RL5,SULDN,BBA+03,Q30RL5,1,20,1,20,14,3,20,3,19,15,18,6,6,7,6,12,7,16,15,0,7
A6CE22,9PLAN,BBA+03,A6CE22,1,15,3,13,18,6,15,7,21,8,20,3,3,9,9,19,12,5,12,1,5
KAD,BACFR,BBA+03,Q64XA6,1,8,1,14,17,6,20,2,17,17,16,6,6,6,7,8,9,11,12,0,6
KAD,MICLU,BBA+03,P33107,1,18,0,16,20,3,18,4,12,6,18,6,3,9,9,16,10,12,20,0,5
Q1ISA1,ACIBL,BBA+03,Q1ISA1,1,15,5,11,17,5,22,2,13,15,25,5,6,13,14,15,15,12,18,2,6
EFP,SPHAL,BBA+03,Q1GTJ4,1,11,0,15,17,5,15,3,15,12,10,5,6,7,8,11,6,11,21,2,7
EFP,THIDA,BBA+03,Q3SKH1,1,14,1,15,16,8,13,0,8,14,10,10,8,8,3,10,8,11,20,0,9
EFP,PSEAE,BBA+03,Q9HZZ2,1,17,2,13,17,9,12,0,13,15,11,5,9,5,6,8,8,14,16,1,7
EFP,DESVV,BBA+03,A1VDC3,1,4,0,16,14,7,18,3,6,13,21,5,6,8,7,12,6,13,19,0,7
EFP,SULDN,BBA+03,Q30S45,1,10,3,14,14,10,15,3,13,18,9,7,6,8,8,4,9,11,17,1,8
A6CGH1,9PLAN,BBA+03,A6CGH1,1,13,2,16,12,5,18,1,13,13,12,5,8,8,9,7,6,16,15,1,10
EFP,GRAFK,BBA+03,A0M298,1,8,1,10,19,9,12,6,14,17,12,5,11,8,2,6,6,20,16,1,5
EFP,MYCTU,BBA+03,P64034,1,13,0,15,8,9,17,4,5,11,18,3,7,10,8,8,7,17,21,1,5
Q1IKJ3,ACIBL,BBA+03,Q1IKJ3,1,14,0,11,15,8,14,5,9,9,14,6,9,11,6,9,8,13,17,0,8
AQP1,BOVIN,BBA+03,P47865,1,28,4,13,6,13,26,6,26,8,33,4,9,9,9,10,24,13,21,4,5
AQP1,CANFA,BBA+03,Q9N2J4,1,27,4,12,8,12,28,5,24,8,33,4,11,9,8,12,23,12,22,4,5
AQP1,HUMAN,BBA+03,P29972,1,28,4,13,6,13,27,5,23,8,33,3,11,7,8,11,23,15,22,4,5
AQP1,MOUSE,BBA+03,Q02013,1,27,4,13,7,12,25,5,23,7,35,5,11,7,8,13,23,13,22,4,5
AQP1,PIG,BBA+03,Q6PQZ1,1,28,4,13,6,13,28,5,23,7,32,4,9,9,10,11,24,13,23,4,5
MYG,BOVIN,BBA+03,P02192,1,18,0,8,13,7,13,13,6,18,17,4,4,3,4,2,6,5,9,2,2
MYG,CANFA,BBA+03,P63113,1,12,0,10,13,7,13,10,9,21,18,3,4,3,6,2,6,7,6,2,2
MYG,MOUSE,BBA+03,P04247,1,13,1,9,13,7,15,7,9,20,18,3,3,3,7,2,7,6,7,2,2
MYG,PIG,BBA+03,P02189,1,14,0,8,14,7,15,9,6,19,18,4,3,4,7,2,7,5,8,2,2
P53,BOVIN,BBA+03,P67939,1,21,13,19,31,11,18,9,8,20,37,9,17,44,11,27,38,22,16,4,11
P53,CANFA,BBA+03,Q29537,1,18,11,17,30,11,22,10,8,21,35,8,17,40,9,25,42,21,20,5,11
P53,HUMAN,BBA+03,P04637,1,24,10,20,30,11,23,12,8,20,32,12,14,44,15,27,38,22,18,4,9
P53,MOUSE,BBA+03,P02340,1,23,12,17,32,13,24,11,9,24,35,10,8,38,14,24,35,23,20,3,12
P53,PIG,BBA+03,Q9TUB2,1,26,10,18,29,13,20,9,7,20,36,8,16,39,11,27,42,22,19,4,10
overall,bisonN,DS11,40360,1,14.922,1.746,9.16,15.878,9.257,14.468,3.411,12.241,13.563,22.487,3.948,6.265,8.939,5.484,12.167,10.655,8.555,15.743,2.533,7.708
overall,bisonS,DS11,50497,1,15.319,1.65,8.579,13.934,8.039,13.773,3.237,10.99,10.765,20.255,3.731,5.498,8.829,5.331,12.249,9.791,8.318,15.013,2.728,6.318
overall,bisonR,DS11,43250,1,19.316,1.657,8.762,13.901,7.537,15.218,3.896,9.579,7.465,23.088,3.705,5.264,11.017,7.404,14.92,9.139,9.375,14.71,3.232,6.3
overall,bisonQ,DS11,83790,1,19.892,1.985,9.262,11.632,7.118,14.472,4.135,10.287,6.095,21.305,3.849,5.547,10.512,8.425,14.349,9.991,10.214,14.059,3.13,5.544
overall,bisonP,DS11,74082,1,19.797,1.918,9.114,11.631,6.978,14.24,4.033,10.121,5.912,21.131,3.832,5.454,10.365,8.079,14.349,9.612,10.002,14.098,3.117,5.619
transferase,bisonN,DS11,2384,1,17.826,2.457,11.129,19.789,12.771,18.434,4.725,15.546,17.168,27.834,4.84,7.492,11.625,5.86,14.44,12.782,9.646,19.8,2.825,9.815
transferase,bisonS,DS11,2593,1,17.772,2.041,10.087,16.539,10.112,16.445,4.142,13.171,12.829,23.834,4.344,6.18,10.771,5.235,14.137,10.99,8.821,17.86,2.766,7.589
transferase,bisonR,DS11,2257,1,21.817,2.032,9.397,15.504,8.257,16.694,4.755,10.564,7.948,25.194,4.069,4.967,12.629,6.997,16.736,8.958,9.28,16.79,3.235,6.857
transferase,bisonQ,DS11,4398,1,23.621,2.664,10.704,12.761,8.009,16.814,5.453,11.893,6.195,24.446,4.475,5.343,12.729,8.637,17.03,10.21,10.656,16.528,3.619,6.563
transferase,bisonP,DS11,4136,1,23.071,2.522,10.406,12.653,7.816,16.053,5.253,11.748,6.214,23.646,4.378,5.349,12.33,8.165,16.673,9.798,10.28,16.348,3.5,6.567
transport,bisonN,DS11,1285,1,19.84,1.037,8.664,13.107,12.286,18.088,2.977,14.872,11.693,30.72,5.205,6.607,10.183,6.345,11.893,13.233,10.914,19.511,2.919,8.018
transport,bisonS,DS11,1731,1,20.432,1.014,8.227,12.45,10.46,17.786,2.848,14.377,9.782,28.434,5.119,5.841,9.946,6.023,12.526,12.376,10.652,19.434,2.961,6.861
transport,bisonR,DS11,1591,1,24.206,1.109,8.411,12.995,10.58,19.485,3.503,12.388,7.338,32.636,4.95,5.469,11.757,7.957,15.659,10.889,11.277,19.404,3.561,6.641
transport,bisonQ,DS11,3429,1,24.82,1.574,9.253,11.534,9.986,18.959,3.673,14.514,6.053,29.968,5.453,6.138,11.688,9.195,14.985,12.312,12.625,19.244,3.799,5.789
transport,bisonP,DS11,2993,1,23.869,1.497,9.027,11.186,9.606,18.133,3.492,13.929,6.056,28.76,5.293,6.043,11.137,8.797,14.775,11.666,12.144,18.628,3.543,5.825
dehydrogenase,bisonN,DS11,1258,1,20.49,2.546,12.002,18.991,9.459,20.089,4.488,14.651,15.539,23.797,5.347,7.723,11.894,5.762,13.851,11.467,10.343,20.96,2.909,8.579
dehydrogenase,bisonS,DS11,1651,1,21.414,2.419,11.078,17.543,8.291,19.552,4.568,13.631,12.705,21.668,5.062,6.806,11.258,5.51,14.398,10.644,10.259,20.231,2.933,7.357
dehydrogenase,bisonR,DS11,1604,1,25.935,2.426,10.322,17.398,7.773,20.044,5.481,12.022,8.829,24.266,5.013,5.994,13.442,7.458,16.666,9.518,11.405,19.183,3.057,7.135
dehydrogenase,bisonQ,DS11,2626,1,26.278,2.805,10.937,14.164,7.285,19.232,5.445,12.777,7.499,22.39,5.125,6.38,12.343,8.323,15.813,10.537,11.936,18.081,2.956,6.329
dehydrogenase,bisonP,DS11,2428,1,26.05,2.764,10.894,14.44,7.251,19.02,5.441,12.445,7.376,21.996,5.027,6.362,12.259,8.044,15.853,10.046,11.795,18.069,2.873,6.435
synthase,bisonN,DS11,1509,1,18.371,2.543,11.486,20.482,10.113,18.758,4.72,14.913,16.131,25.031,4.993,7.036,10.965,5.895,14.054,11.603,9.995,20.034,2.43,8.892
synthase,bisonS,DS11,1486,1,18.66,2.245,10.863,18.251,8.81,17.581,4.38,13.59,13.341,22.421,4.649,6.3,10.442,5.448,13.989,10.755,9.384,18.808,2.346,7.551
synthase,bisonR,DS11,1206,1,23.016,2.061,10.304,17.033,7.735,18.004,5.31,11.715,8.744,24.674,4.641,5.219,12.451,7.054,16.362,9.416,10.366,17.314,2.48,6.867
synthase,bisonQ,DS11,2323,1,24.109,2.678,11.151,14.443,7.532,17.815,5.737,12.635,7.205,23.575,4.784,5.874,12.35,9.04,16.23,10.512,11.628,16.704,2.759,6.558
synthase,bisonP,DS11,2037,1,23.769,2.527,10.821,13.926,7.154,16.963,5.398,12.185,6.886,22.601,4.729,5.613,11.95,8.378,15.952,9.979,11.115,16.322,2.545,6.338
ATPase,bisonN,DS11,1099,1,16.813,1.464,10.854,22.308,9.96,16.963,3.584,15.258,16.287,30.237,4.638,6.674,10.02,7.51,16.884,12.925,10.075,19.411,1.869,7.296
ATPase,bisonS,DS11,1437,1,16.427,1.202,10.283,19.371,8.496,16.286,3.382,14.102,13.079,26.979,4.557,6.031,9.586,7.024,16.202,11.949,9.536,18.349,1.852,6.088
ATPase,bisonR,DS11,1174,1,21.898,1.372,10.259,19.033,7.48,16.756,4.489,12.39,9.267,30.147,4.491,5.337,11.691,9.369,18.996,10.263,10.759,17.848,1.974,5.566
ATPase,bisonQ,DS11,2235,1,22.826,1.753,11.458,16.338,7.383,16.647,4.888,13.645,7.743,28.441,5.008,6.03,11.392,11.146,18.409,11.835,12.236,17.422,2.128,5.078
ATPase,bisonP,DS11,2038,1,22.99,1.694,11.194,16.487,7.119,16.254,4.872,13.245,7.558,28.283,4.924,5.828,11.048,10.811,18.672,11.174,11.879,17.582,2.009,5.152
kinase,bisonN,DS11,677,1,16.511,1.818,10.617,18.4,9.625,17.768,3.872,13.498,14.539,25.739,4.168,6.26,8.846,5.529,14.093,11.572,8.861,18.31,1.852,6.882
kinase,bisonS,DS11,836,1,18.638,1.821,10.422,16.734,8.284,17.706,3.78,12.522,11.354,23.611,4.12,5.683,9.296,5.562,14.764,11.002,9.315,17.92,2.169,5.589
kinase,bisonR,DS11,819,1,24.486,1.764,10.426,17.683,7.592,18.879,4.972,11.294,7.768,28.418,4.343,5.125,12.371,8.369,18.432,9.884,10.906,17.79,2.773,5.543
kinase,bisonQ,DS11,2040,1,25.404,2.379,12.046,15.717,7.421,18.296,5.591,13.392,6.95,27.756,4.741,6.24,12.689,11.192,18.016,12.251,12.713,17.947,2.768,5.503
kinase,bisonP,DS11,1751,1,24.802,2.287,11.56,15.17,7.029,17.729,5.287,13.12,6.603,26.606,4.736,6.119,11.975,10.184,17.718,11.51,12.3,17.422,2.58,5.314
synthetase,bisonN,DS11,1003,1,17.71,2.828,14.138,27.129,12.565,19.371,5.476,15.95,20.187,29.719,5.476,8.144,13.367,7.65,17.861,12.875,10.988,22.17,3.964,10.944
synthetase,bisonS,DS11,1159,1,18.187,2.44,13.231,23.439,10.962,18.131,5.101,14.79,16.098,26.026,5.076,7.092,12.678,6.437,17.515,11.844,10.591,20.607,3.838,9.569
synthetase,bisonR,DS11,891,1,22.727,2.574,12.952,22.348,10.497,18.761,5.941,13.478,12.154,28.167,5.228,6.772,15.007,9.015,19.727,10.164,11.758,18.761,3.981,9.429
synthetase,bisonQ,DS11,1509,1,23.789,2.745,13.074,17.248,9.068,17.306,5.843,13.001,9.354,24.903,4.985,6.221,13.565,9.97,17.962,10.683,12.372,17.298,3.779,7.803
synthetase,bisonP,DS11,1417,1,23.26,2.591,12.558,16.977,8.678,16.693,5.654,12.496,8.66,24.225,5.025,6.112,13.551,9.3,18.252,10.112,11.979,16.946,3.716,7.826
membrane,bisonN,DS11,818,1,20.148,0.892,9.144,14.775,16.071,19.935,3.108,17.367,14.69,32.704,4.633,7.624,10.133,7.032,12.668,15.407,11.591,20.44,3.11,10.258
membrane,bisonS,DS11,834,1,21.486,1.025,8.386,12.703,13.282,18.66,2.97,15.38,11.592,30.349,4.615,6.463,9.971,6.636,12.649,13.83,11.236,19.499,3.536,8.325
membrane,bisonR,DS11,761,1,25.476,1.244,8.681,12.888,11.651,21.07,3.4,12.75,7.355,33.8,4.495,6.449,12.661,8.913,16.988,12.777,12.421,19.586,4.656,8.394
membrane,bisonQ,DS11,1476,1,25.766,1.406,8.986,11.337,11.066,20.762,3.447,14.121,5.951,30.478,4.677,7.446,11.848,9.493,15.818,13.565,13.253,18.959,4.639,7.154
membrane,bisonP,DS11,1305,1,25.992,1.349,8.741,10.794,10.684,20.141,3.458,13.569,5.726,30.691,4.731,6.804,11.668,8.904,15.9,13.017,13.036,19.05,4.746,7.251
permease,bisonN,DS11,503,1,22.68,0.821,5.431,8.221,15.342,18.793,2.292,16.161,7.863,37.406,5.851,5.205,9.773,5.01,9.855,14.891,10.72,20.587,3.575,8.255
permease,bisonS,DS11,748,1,23.842,0.822,5.341,7.723,13.509,19.119,2.31,15.983,6.215,34.941,5.928,4.862,9.765,5.054,10.658,13.749,11.215,20.584,3.77,7.566
permease,bisonR,DS11,698,1,27.186,0.744,5.477,8.457,13.714,21.416,2.603,12.689,4.542,40.755,5.383,4.585,11.58,6.524,13.824,11.841,11.212,20.264,4.688,7.029
permease,bisonQ,DS11,1568,1,26.457,1.239,6.206,7.508,12.466,20.071,2.57,16.172,3.781,35.101,5.985,5.13,11.049,7.531,13.226,12.999,12.55,20.295,5.073,5.96
permease,bisonP,DS11,1369,1,25.953,1.272,5.938,7.226,12.197,19.419,2.506,15.758,3.751,34.306,5.959,5.154,10.633,7.143,13.053,12.316,12.066,20.11,4.627,5.995
hydrolase,bisonN,DS11,558,1,15.842,2.172,10.697,17.595,9.084,15.803,5.828,12.461,13.468,23.165,4.296,6.272,10.061,5.242,13.043,9.975,8.669,16.918,2.618,7.763
hydrolase,bisonS,DS11,684,1,17.148,2.124,10.975,16.136,8.883,15.718,5.7,11.997,11.254,21.924,4.3,5.844,10.224,5.291,13.674,9.838,8.782,16.635,2.983,6.798
hydrolase,bisonR,DS11,632,1,21.331,1.962,10.419,15.812,7.782,16.6,6.272,10.253,7.551,23.709,4.149,5.245,12.642,6.91,16.212,9.114,9.418,15.426,3.435,6.845
hydrolase,bisonQ,DS11,1271,1,22.438,2.541,11.737,13.408,7.784,16.308,6.747,11.338,6.266,22.988,4.5,5.597,12.578,8.581,16.017,10.11,11.027,15.505,3.596,6.773
hydrolase,bisonP,DS11,1181,1,21.707,2.419,11.209,12.801,7.232,15.679,6.481,10.672,5.887,21.804,4.392,5.272,11.986,7.621,15.56,9.362,10.37,14.733,3.442,6.274
oxidoreductase,bisonN,DS11,637,1,20.545,3.339,9.948,16.159,14.201,19.962,4.846,15.57,13.835,29.706,6.424,6.658,12.013,5.953,12.407,12.851,10.765,20.959,3.931,10.914
oxidoreductase,bisonS,DS11,806,1,19.947,3.124,9.061,14.65,11.452,18.187,4.314,13.49,11.356,25.295,5.852,5.8,11.266,5.416,12.556,11.039,9.881,18.677,3.615,8.648
oxidoreductase,bisonR,DS11,475,1,22.105,3.225,7.754,14.065,10.305,18.667,4.465,11.215,8.371,26.863,5.724,5.175,12.221,6.28,13.528,9.419,9.385,16.613,3.928,7.92
oxidoreductase,bisonQ,DS11,1035,1,23.552,3.589,9.329,12.511,9.813,18.391,4.726,12.643,6.772,25.654,6.181,5.646,12.47,7.604,14.17,10.739,11.202,16.961,3.759,7.238
oxidoreductase,bisonP,DS11,850,1,22.975,3.327,8.98,12.325,9.489,18.242,4.535,12.387,6.978,24.821,6.075,5.562,11.731,7.2,13.728,10.288,10.844,16.789,3.657,7.287
transcription,bisonN,DS11,470,1,14.906,1.715,7.692,15.449,6.238,11.498,3.517,10.353,10.294,20.883,3.806,4.687,7.421,5.911,13.249,9.309,7.534,13.715,1.577,5.204
transcription,bisonS,DS11,603,1,15.464,1.758,7.756,14.028,5.72,11.604,3.265,9.735,9.128,20.101,3.746,4.164,7.806,5.97,13.882,9.066,7.743,13.542,1.751,4.703
transcription,bisonR,DS11,509,1,19.521,1.497,8.234,16.656,5.639,12.878,4.271,8.835,7.531,24.713,3.658,3.731,10.358,7.586,17.475,8.623,8.77,13.697,2.035,5.297
transcription,bisonQ,DS11,1127,1,20.441,2.002,9.895,14.477,5.851,12.53,4.808,10.532,6.184,23.698,4.239,4.801,10.147,9.392,17.06,10.815,10.209,13.877,2.163,4.996
transcription,bisonP,DS11,1038,1,20.12,1.922,9.512,14.456,5.677,12.502,4.765,10.48,6.075,23.203,4.24,4.793,10.063,9.13,17.133,10.284,10.011,13.978,2.158,5.06
peptidase,bisonN,DS11,472,1,18.053,1.303,11.561,18.903,10.434,19.576,4.138,14.803,16.225,25.225,4.816,7.538,11.153,6.343,14.155,13.032,10.485,19.22,3.021,9.672
peptidase,bisonS,DS11,497,1,20.153,1.493,12.042,17.519,9.859,19.517,4.531,14.322,13.879,24.062,4.708,7.411,11.662,6.672,15.099,12.678,10.928,19.141,3.519,8.519
peptidase,bisonR,DS11,612,1,27.964,1.722,12.894,19.021,9.912,22.132,5.479,12.719,8.954,30.214,4.994,7.726,15.943,9.861,20.652,12.476,13.515,20.033,4.533,9.088
peptidase,bisonQ,DS11,1064,1,26.028,1.784,12.69,15.317,9.222,20.119,5.567,12.978,7.626,26.306,4.822,7.545,14.358,10.104,17.995,12.93,13.752,17.482,3.949,8.602
peptidase,bisonP,DS11,990,1,25.312,1.856,12.347,15.217,8.714,19.308,5.467,12.648,6.953,25.637,4.778,7.121,14.083,9.651,18.093,12.07,13.104,17.332,3.829,8.007
ribosomal,bisonN,DS11,597,1,10.01,0.965,5.385,10.951,4.327,10.544,2.581,8.779,14.353,12.692,2.93,3.851,6.58,3.9,10.67,5.493,5.36,12.844,1.343,4.457
ribosomal,bisonS,DS11,716,1,9.582,0.75,4.747,9.605,3.521,9.71,2.461,7.993,12.284,11.105,2.788,3.325,6.226,3.719,11.166,5.324,5.275,11.814,1.208,3.87
ribosomal,bisonR,DS11,543,1,10.785,0.726,4.842,9.827,3.503,10.158,2.735,7.867,11.309,11.521,2.691,3.694,6.694,4.481,12.494,5.14,5.902,10.91,1.168,3.462
ribosomal,bisonQ,DS11,882,1,11.863,0.87,5.268,9.034,3.349,9.821,2.951,7.934,9.705,11.274,2.967,3.89,6.298,5.355,12.477,5.797,6.717,10.444,1.177,3.102
ribosomal,bisonP,DS11,860,1,11.72,0.887,5.187,9.138,3.386,10.077,2.973,7.877,9.765,11.305,2.865,3.815,6.47,5.167,12.776,5.78,6.442,10.681,1.194,3.364
protease,bisonN,DS11,377,1,19.454,1.554,10.708,17.931,11.215,20.926,3.687,16.984,14.804,27.785,5.122,7.963,11.676,6.894,13.899,13.658,10.692,20.743,2.706,9.029
protease,bisonS,DS11,470,1,19.645,1.515,10.268,16.328,9.5,18.498,3.385,15.411,12.409,24.492,4.428,7.33,10.977,7.015,13.434,12.296,9.755,19.128,2.717,7.4
protease,bisonR,DS11,418,1,27.601,1.457,11.859,16.725,9.294,21.737,4.258,13.694,9.45,30.093,4.593,7.433,15.108,10.325,18.203,11.792,12.301,20.799,3.639,8.148
protease,bisonQ,DS11,930,1,25.572,1.696,12.102,14.799,8.734,20.469,4.405,14.098,7.323,27.489,4.732,7.536,13.888,10.513,17.848,12.922,12.725,19.148,3.545,6.825
protease,bisonP,DS11,734,1,25.296,1.471,11.764,14.461,8.307,19.868,4.256,13.463,7.315,26.264,4.681,7.356,13.522,10.012,17.403,12.008,12.164,19.114,3.456,6.674
reductase,bisonN,DS11,536,1,18.961,4.028,11.519,20.405,10.235,19.69,4.722,15.506,17.452,24.302,5.646,8.237,11.116,6.349,13.843,12.498,10.64,19.886,3.19,9.623
reductase,bisonS,DS11,531,1,19.207,3.522,10.251,17.416,8.889,17.94,4.377,13.343,13.638,21.166,4.949,6.799,10.339,6.213,13.348,11.205,9.917,18.337,3.055,7.332
reductase,bisonR,DS11,378,1,20.796,2.677,9.362,15.548,7.762,17.132,4.741,11.058,8.614,21.492,4.511,5.622,11.167,6.841,15.138,9.257,9.849,16.696,2.894,7.04
reductase,bisonQ,DS11,785,1,24.408,3.29,11.14,15.006,8.688,18.804,5.968,13.119,8.454,22.766,5.082,6.679,12.162,9.043,16.046,11.373,12.434,17.525,3.299,6.913
reductase,bisonP,DS11,675,1,24.147,3.033,10.738,14.644,8.332,18.042,5.424,12.698,8.09,21.997,4.964,6.717,11.539,8.807,15.856,10.612,11.821,17.304,3.102,6.804
transposase,bisonN,DS11,471,1,17.076,1.399,7.898,18.423,7.471,13.072,5.507,12.711,24.958,26.503,3.741,8.8,7.361,7.809,17.047,11.573,10.161,15.412,4.824,9.482
transposase,bisonS,DS11,425,1,16.892,1.772,8.365,16.546,7.511,13.445,5.139,12.271,22.064,24.04,4.122,8.125,7.84,6.828,18.668,11.337,9.304,14.904,4.734,8.744
transposase,bisonR,DS11,314,1,18.914,1.796,7.506,15.955,7.003,17.162,4.803,6.764,14.283,26.309,3.618,5.516,9.933,6.911,21.618,10.44,7.971,15.647,4.494,7.226
transposase,bisonQ,DS11,1085,1,18.263,4.134,8.288,10.426,6.362,12.923,5.043,9.03,12.761,18.747,3.159,7.355,8.219,10.573,20.88,11.635,9.959,13.338,3.713,5.854
transposase,bisonP,DS11,550,1,16.042,3.642,7.653,10.522,6.366,12.027,5.104,8.178,11.295,18.916,3.509,5.855,8.091,8.584,18.289,9.909,8.798,13.042,3.853,5.596
periplasmic,bisonN,DS11,313,1,18.473,1.038,12.304,15.441,10.502,17.438,3.144,13.566,15.693,24.131,4.505,7.968,13.077,7.505,13.137,12.396,10.629,19.214,3.042,10.326
periplasmic,bisonS,DS11,409,1,20.159,1.23,11.621,14.668,9.306,17.716,2.905,13.553,14.205,22.007,4.205,7.501,12.716,7.672,12.883,12.24,10.746,19.467,3.249,8.614
periplasmic,bisonR,DS11,440,1,22.902,1.121,12.064,14.055,9.502,19.802,3.234,11.616,10.386,24.632,4.159,7.048,14.766,9.65,17.727,10.934,11.755,18.757,3.959,8.277
periplasmic,bisonQ,DS11,850,1,25.292,1.418,13.372,13.453,9.034,19.272,3.292,12.875,8.955,23.404,4.208,8.377,14.853,10.484,15.908,12.673,13.488,18.094,3.978,7.245
periplasmic,bisonP,DS11,772,1,24.144,1.339,12.953,12.882,8.589,18.782,3.276,12.034,8.744,22.184,4.133,7.948,14.29,9.956,15.784,12.2,12.912,17.553,3.965,7.153
signal,bisonN,DS11,297,1,18.165,1.852,12.586,18.966,11.694,17.748,3.387,14.865,17.347,26.889,4.966,8.024,10.956,6.875,14.603,13.195,10.717,20.047,2.391,8.593
signal,bisonS,DS11,408,1,18.223,1.855,10.838,15.23,8.821,16.436,3.527,12.441,12.466,22.679,4.407,6.549,10.115,6.586,14.525,10.885,10.11,18.191,2.691,5.993
signal,bisonR,DS11,299,1,25.181,1.896,11.134,19.144,9.087,19.813,4.84,12.334,10.141,32.217,5.037,6.244,12.809,11.037,19.913,11.234,12.555,19.04,3.284,6.054
signal,bisonQ,DS11,732,1,25.425,2.034,12.243,16.406,8.213,18.031,5.303,14.452,7.981,29.495,4.984,7.357,12.855,12.869,18.719,13.465,13.715,18.519,3.143,5.496
signal,bisonP,DS11,641,1,23.841,1.93,11.376,15.476,7.746,16.665,5.027,13.732,7.173,28.257,4.927,6.877,11.594,11.892,18.028,12.516,12.719,17.493,2.816,4.952
phosphatase,bisonN,DS11,364,1,15.077,1.761,11.187,16.135,9.159,15.843,4.052,11.256,12.462,22.055,3.747,5.478,9.03,4.253,11.808,10.148,8.332,16.382,2.508,7.291
phosphatase,bisonS,DS11,372,1,15.065,1.554,9.559,14.817,8.091,14.712,3.586,10.194,10.605,19.575,3.495,4.656,7.995,4.051,11.269,9.057,7.554,15.215,2.352,5.586
phosphatase,bisonR,DS11,324,1,19.599,1.321,9.056,13.978,7.269,16.281,4.386,9.611,7.355,22.256,3.84,4.617,9.87,5.79,12.926,8.395,8.577,13.978,2.769,5.707
phosphatase,bisonQ,DS11,642,1,21.611,2.195,10.724,12.88,6.941,16.322,4.883,10.908,5.777,21.86,4.241,5.204,10.332,7.777,14.927,9.96,10.382,14.522,2.843,5.556
phosphatase,bisonP,DS11,558,1,21.842,1.909,10.256,12.24,6.808,16.332,4.876,10.871,5.298,21.597,4.074,5.335,9.686,7.634,14.124,9.919,9.815,14.787,2.794,5.292
HBA,HUMAN,BBA+03,"Hemoglobin (P69905)",1,21,1,8,4,7,7,10,0,11,18,2,4,7,1,3,11,9,13,1,3
ALBU,HUMAN,BBA+03,"Albumin (P02768)",1,62,35,36,62,31,12,16,8,59,61,6,17,24,20,24,24,28,41,1,18
IGHG1,HUMAN,BBA+03,"IgG Total (P01857)",1,13,9,13,17,10,18,9,5,28,26,2,15,31,11,6,39,26,35,5,12
TRFE,HUMAN,BBA+03,"Transferrin (P02787)",1,57,38,45,42,28,50,19,16,58,59,9,34,32,17,26,41,30,44,8,26
FIBA,HUMAN,BBA+03,"Fibrinogen (P02671)",1,34,12,48,62,27,91,19,25,43,46,13,45,41,30,52,104,57,40,18,24
IGHA1,HUMAN,BBA+03,"IgA Total (P01876)",1,24,15,12,17,11,22,8,3,13,36,2,8,39,14,12,38,40,27,6,6
A2MG,HUMAN,BBA+03,"Alpha-2-Macroglobulin (P01023)",1,92,25,52,104,62,90,39,57,87,134,25,63,76,73,46,122,100,137,11,56
IGJ,HUMAN,BBA+03,"IgM Total (P01591)",1,6,8,13,12,1,2,1,11,6,8,1,9,8,3,10,8,13,11,0,6
A1AT,HUMAN,BBA+03,"Alpha-1-Antitrypsin (P01009)",1,24,1,24,32,27,22,13,19,34,45,9,19,17,18,7,21,30,24,2,6
CO3,HUMAN,BBA+03,"C3 Complement (P01024)",1,96,27,90,123,60,95,28,83,113,150,35,61,80,90,82,106,103,145,17,57
HPT,HUMAN,BBA+03,"Haptoglobin (P00738)",1,26,12,25,25,7,29,13,17,35,26,4,21,21,16,9,17,22,35,7,21
APOA1,HUMAN,BBA+03,"Apolipoprotein A-1 (P02647)",1,19,0,16,30,6,10,5,0,21,37,3,5,10,16,16,15,10,13,4,7
APOB,HUMAN,BBA+03,"Apolipoprotein B (P04114)",1,269,24,233,297,224,206,114,287,356,525,78,245,167,231,148,393,299,250,37,153
A1AG1,HUMAN,BBA+03,"Alpha-1-acid Glycoprotein (P02763)",1,9,4,11,19,9,7,3,10,14,14,1,10,7,12,8,6,16,9,3,11
APOA,HUMAN,BBA+03,"Lipoprotein(a) (P08519)",1,351,241,132,276,18,314,122,59,23,142,81,199,488,232,274,364,513,276,95,329
CFAH,HUMAN,BBA+03,"Factor H (P08603)",1,37,80,53,94,30,96,28,66,79,57,19,59,91,44,54,93,76,62,25,70
CERU,HUMAN,BBA+03,"Ceruloplasmin (P00450)",1,49,14,67,81,50,76,41,55,65,70,24,53,49,33,40,60,74,63,18,64
CO4A,HUMAN,BBA+03,"C4 Complement (P0C0L4)",1,71,11,41,51,24,55,16,22,31,93,13,27,42,45,40,56,45,54,12,18
CFAB,HUMAN,BBA+03,"Complement Factor B (P00751)",1,34,23,46,48,20,61,18,37,53,52,10,29,39,35,38,53,41,56,13,33
TTHY,HUMAN,BBA+03,"Prealbumin (P02766)",1,12,1,5,12,5,10,4,5,8,7,1,3,8,0,4,11,12,12,2,5
CO9,HUMAN,BBA+03,"C9 Complement (P02748)",1,25,24,35,47,27,36,9,29,37,40,9,27,19,14,32,45,31,27,4,21
C1QA,HUMAN,BBA+03,"C1q Complement (P02745)",1,8,4,9,10,10,39,2,12,12,11,2,7,21,15,14,16,8,15,2,6
CO8B,HUMAN,BBA+03,"C8 Complement (P07358)",1,24,28,27,37,20,40,13,21,31,37,9,26,24,23,36,45,26,34,7,29
CO5,HUMAN,BBA+03,"C5 Complement (P01031)",1,58,26,43,67,40,55,21,66,74,97,15,41,35,39,39,83,66,77,12,45
PLMN,HUMAN,BBA+03,"Plasminogen (P00747)",1,37,48,36,54,20,60,23,22,47,42,10,40,69,30,42,55,61,46,19,30
IGHD,HUMAN,BBA+03,"IgD (P01880)",1,30,8,11,26,8,20,10,6,19,34,5,9,40,22,20,38,35,25,10,8
IC1,HUMAN,BBA+03,"C1 Inhibitor (P05155)",1,33,4,24,24,24,14,10,18,29,64,14,22,32,25,14,51,55,33,3,7
CO6,HUMAN,BBA+03,"C6 Complement (P13671)",1,38,64,45,74,38,65,19,37,65,64,7,48,43,45,45,82,53,42,13,26
CO7,HUMAN,BBA+03,"C7 Complement (P10643)",1,37,56,30,68,31,70,17,18,47,59,8,39,45,36,42,81,41,53,14,29
CFAI,HUMAN,BBA+03,"Complement Factor I (P05156)",1,29,40,36,31,21,46,12,31,42,32,10,24,19,26,26,35,33,38,12,22
RET4,HUMAN,BBA+03,"Retinol Binding Protein (P02753)",1,13,6,18,10,10,11,2,4,10,14,4,9,5,8,14,11,9,13,4,8
CO3.C3c,HUMAN,BBA+03,"iC3b (P01024)",1,9,2,10,17,7,6,4,14,14,19,4,10,12,7,13,15,11,24,3,5
THBG,HUMAN,BBA+03,"Thyroxin Binding Globulin (P05543)",1,29,5,17,26,23,17,12,22,28,43,14,21,17,18,6,32,27,26,3,9
CO2,HUMAN,BBA+03,"C2 Complement Protein (P06681)",1,42,23,37,39,30,60,19,32,36,67,18,43,40,30,41,63,37,47,13,15
THRB,HUMAN,BBA+03,"Thrombus Precursor Protein (P00734)",1,36,24,35,51,20,47,10,22,29,42,8,25,31,21,39,35,36,33,14,21
CRP,HUMAN,BBA+03,"C-reactive Protein",1,10,3,9,15,16,18,3,12,14,20,3,7,11,7,6,23,14,19,6,8
CFAB.Bb,HUMAN,BBA+03,"Bb Fragment (P00751)",1,24,11,36,31,14,35,13,30,47,40,9,23,25,20,20,29,23,46,8,21
CO3.C3a,HUMAN,BBA+03,"C3a Complement Protein (P01024)",1,4,6,3,6,3,4,2,2,7,7,3,2,2,3,11,4,3,3,0,2
FRIL,HUMAN,BBA+03,"Ferritin (P02792)",1,15,1,13,16,8,12,7,3,12,27,4,6,4,7,10,8,7,6,1,7
CCL5,HUMAN,BBA+03,"Rantes (P13501)",1,5,4,1,4,3,1,1,3,5,2,1,4,5,1,5,6,4,5,1,5
VTNC,HUMAN,BBA+03,"SC5-b9 Complex (P04004)",1,29,14,32,34,23,37,9,13,20,25,6,15,35,26,35,34,19,21,9,23
MYG,HUMAN,BBA+03,"Myoglobin (P02144)",1,12,1,8,14,7,15,9,8,20,17,3,3,5,7,2,7,4,7,2,2
THYG,HUMAN,BBA+03,"Thyroglobulin (P01266)",1,196,122,125,168,140,209,39,82,91,257,37,82,173,194,150,268,144,162,44,66
TPA,HUMAN,BBA+03,"TPA (P00750)",1,32,35,28,26,16,43,16,19,21,39,5,22,29,26,35,48,25,25,13,24
CO5.C5a,HUMAN,BBA+03,"C5a Complement (P01031)",1,8,7,3,5,1,3,2,5,8,4,1,3,1,4,5,4,3,5,0,2
ENOG,HUMAN,BBA+03,"Neuron-Specific Enolase (P09104)",1,44,6,30,34,14,39,6,27,26,41,7,20,15,13,20,24,18,32,4,13
INS.C,HUMAN,BBA+03,"C-Peptide (P01308)",1,3,0,1,4,0,7,0,0,0,6,0,0,2,4,0,2,0,2,0,0
FETA,HUMAN,BBA+03,"Alpha-fetoprotein (P02771)",1,50,32,23,57,29,26,16,32,41,57,8,19,21,40,22,36,35,29,1,17
TNR1A,HUMAN,BBA+03,"TNF-Binding Proteins (P19438)",1,3,26,7,16,11,18,7,7,16,24,2,13,15,10,9,25,20,12,2,8
KLK3,HUMAN,BBA+03,"Prostate-Specific Antigen (P07288)",1,12,10,11,11,6,20,11,8,12,25,4,5,17,10,10,19,13,22,7,4
PPAP,HUMAN,BBA+03,"Prostatic Acid Phosphatase (P15309)",1,10,6,15,30,15,19,13,14,19,44,10,10,25,17,15,27,24,16,6,19
CEAM5,HUMAN,BBA+03,"CEA (P06731)",1,37,12,26,26,15,33,11,36,17,55,0,65,50,33,23,72,57,45,10,28
MBP,HUMAN,BBA+03,"Myelin Basic Protein (P02686)",1,25,0,22,16,12,34,13,6,19,15,4,13,18,12,29,34,19,7,2,4
TNNI1,HUMAN,BBA+03,"Troponin I (P19237)",1,15,3,10,22,2,6,4,4,24,22,7,3,7,4,19,11,6,13,2,2
IL1RA,HUMAN,BBA+03,"Interleukin-1ra (P18510)",1,9,4,9,11,9,10,2,6,9,12,5,8,8,8,8,11,8,10,2,3
CCL4,HUMAN,BBA+03,"MIP-1 beta (P13236)",1,4,4,4,4,3,1,0,0,3,4,1,2,5,4,3,8,4,7,1,5
TNNT1,HUMAN,BBA+03,"Troponin T (P13805)",1,20,1,12,54,6,12,5,10,32,19,6,3,18,16,29,11,4,11,3,5
IL8,HUMAN,BBA+03,"Interleukin-8 (P10145)",1,4,4,2,8,3,2,2,5,9,7,0,3,5,2,6,5,2,6,1,1
CCL3,HUMAN,BBA+03,"MIP-1 alpha (P10147)",1,5,4,4,4,4,1,0,3,3,3,0,1,4,5,3,9,5,4,1,3
TF,HUMAN,BBA+03,"Tissue Factor (P13726)",1,10,5,11,19,12,15,1,15,20,17,1,16,10,9,9,23,27,26,5,12
CSF3,HUMAN,BBA+03,"GCSF (P09919)",1,20,5,4,10,6,14,5,4,4,33,3,0,13,17,5,15,7,8,2,3
IFNA1,HUMAN,BBA+03,"Interferon Alpha (P01562)",1,10,5,11,15,8,3,3,7,8,22,6,6,6,10,12,13,9,6,2,4
IL2,HUMAN,BBA+03,"Interleukin-2 (P60568)",1,5,3,3,12,6,2,3,9,11,22,4,9,5,6,4,8,13,4,1,3
IL4,HUMAN,BBA+03,"Interleukin-4 (P05112)",1,8,6,4,10,6,3,5,6,12,16,1,6,1,7,9,8,15,3,1,2
TNFA,HUMAN,BBA+03,"TNF-Alpha (P01375)",1,13,2,5,10,4,11,3,8,6,18,0,7,10,10,9,13,6,13,2,7
IFNG,HUMAN,BBA+03,"Interferon Gamma (P01579)",1,7,0,10,9,10,5,2,7,20,10,4,10,2,8,6,10,5,8,1,4
IL1B,HUMAN,BBA+03,"Interleukin-1 Beta (P01584)",1,5,2,8,11,9,8,1,5,15,15,6,9,8,12,3,14,6,11,1,4
IL12A,HUMAN,BBA+03,"Interleukin-12 (P29459)",1,12,7,10,14,9,2,4,10,13,25,10,11,9,8,9,17,14,8,0,5
IL10,HUMAN,BBA+03,"Interleukin-10 (P22301)",1,8,4,8,13,10,7,3,7,13,19,7,12,6,10,9,9,5,5,0,5
IL5,HUMAN,BBA+03,"Interleukin-5 (P05113)",1,3,2,2,12,4,7,3,10,8,15,1,5,4,7,6,5,11,7,1,2
IL6,HUMAN,BBA+03,"Interleukin-6 (P05231)",1,13,4,8,16,7,5,2,9,14,23,5,10,7,14,9,15,12,6,1,3
ACT,YEAST,BBA+03,P60010,1,26,4,20,27,14,29,10,30,18,25,16,9,19,14,18,31,21,26,4,14
TBB,YEAST,BBA+03,P02557,1,31,6,29,36,25,34,11,21,15,32,15,27,18,23,19,37,26,33,5,14
FTSZ1,METJA,BBA+03,Q57816,1,32,2,18,35,8,35,2,29,33,40,11,17,11,7,11,13,26,32,1,1
FTSZ2,METJA,BBA+03,Q58039,1,34,4,25,26,7,42,2,44,29,24,12,17,13,8,20,12,20,35,1,5
CSOA,HALNC,BBA+03,P45689,1,19,1,4,7,1,12,2,6,2,6,2,2,3,2,7,1,5,14,0,1
CSOB,HALNC,BBA+03,P45690,1,19,2,5,9,1,12,3,8,1,6,4,3,3,0,7,5,7,13,1,1
CSOC,HALNC,BBA+03,P45688,1,20,1,3,8,1,12,2,6,2,6,3,2,3,1,7,1,5,14,0,1
MREB,ECOLI,BBA+03,P0A9X4,1,33,3,15,29,10,39,5,25,10,28,13,12,16,9,24,22,14,35,0,5
MREB,BACSU,BBA+03,Q01465,1,35,2,21,24,5,33,2,34,20,22,14,12,15,4,17,13,27,29,1,7
PARM,ECOLX,BBA+03,P11904,1,15,2,24,18,10,21,6,26,22,30,6,23,8,12,11,25,21,25,3,12
RBL1,HALNC,BBA+03,O85040,1,45,6,32,31,23,46,14,25,25,35,11,16,21,12,28,16,30,31,10,16
RBL2,HALNC,BBA+03,Q9ZHZ4,1,47,2,33,26,23,51,14,31,28,30,19,14,23,14,20,20,20,18,5,21
RBS,HALNC,BBA+03,P45686,1,11,1,3,8,4,5,2,5,6,7,5,7,5,8,4,6,2,8,3,10
